[
  {
    "scholarshipName": "Test Scholarship",
    "organization": "Test Org",
    "website": "https://test.com",
    "level": "Bachelor",
    "hostCountry": "USA",
    "targetGroup": "Students",
    "deadline": "2024-12-31",
    "fundingType": "Yes",
    "eligibility": "Test eligibility",
    "applicationProcess": "Test process",
    "submitterName": "Test User",
    "submitterEmail": "test@test.com",
    "status": "pending",
    "timestamp": "2025-06-20T01:55:14.646Z",
    "id": "contribution-1750384514646"
  }
]